image_id,hazard_type,worker_count,worker_position,bbox_x,bbox_y,bbox_width,bbox_height,lighting,has_hazard
IMG_1409,missing_guardrail,4,left,0.06976896426257195,0.05124758808575375,0.24813354893353515,0.20907330674966995,shadow,1
IMG_1520,none,1,left,0.0,0.0,0.0,0.0,bright,0
IMG_9279,no_helmet,9,left,0.35800980646120173,0.35066248679511797,0.18390396419233174,0.18984180925677072,dim,1
IMG_3615,none,6,center,0.07773974990589078,0.4786065361033906,0.16731890902252536,0.11854916867602959,bright,1
IMG_6635,none,5,center,0.0,0.0,0.0,0.0,bright,0
IMG_9785,none,1,center,0.0,0.0,0.0,0.0,bright,0
IMG_6925,none,5,left,0.0,0.0,0.0,0.0,shadow,0
IMG_1750,unsafe_scaffold,5,left,0.42765886050757346,0.43324183337763483,0.17602524500783323,0.19068206047368708,dim,1
IMG_7065,missing_guardrail,4,right,0.13348891102455668,0.468327293856247,0.2296070770493187,0.22182620113339763,bright,1
IMG_3677,none,7,center,0.4947616753182976,0.3199998799270464,0.21138994875492922,0.2369228501979749,bright,1
IMG_1525,missing_guardrail,7,center,0.03309430260577362,0.4565680620927725,0.21343601029570045,0.24358285414379519,bright,1
IMG_7482,none,4,left,0.0,0.0,0.0,0.0,dim,0
IMG_5040,missing_guardrail,10,center,0.4489114418012385,0.19970025257019863,0.14386415183145668,0.29950752129902203,shadow,1
IMG_2489,none,1,left,0.0,0.0,0.0,0.0,bright,0
IMG_7916,no_helmet,7,center,0.29794421418056405,0.23402494389233863,0.15028282399636264,0.21064517924305748,bright,1
IMG_9797,missing_guardrail,6,left,0.14675006432371307,0.07907887717233486,0.10064906322034586,0.24441841226198216,shadow,1
IMG_9201,none,2,right,0.0,0.0,0.0,0.0,bright,0
IMG_9317,none,5,left,0.0,0.0,0.0,0.0,bright,0
IMG_3646,none,5,right,0.0,0.0,0.0,0.0,bright,0
IMG_9005,none,1,left,0.0,0.0,0.0,0.0,dim,0
IMG_4923,none,1,left,0.0,0.0,0.0,0.0,shadow,0
IMG_2403,none,2,right,0.3829172146534939,0.0641957322498814,0.19505647561974626,0.20996071869898877,dim,1
IMG_4470,none,5,right,0.0,0.0,0.0,0.0,shadow,0
IMG_6107,none,6,center,0.4498070423214727,0.22574307069556487,0.1495811227332016,0.11280517926526899,bright,1
IMG_4608,no_helmet,2,right,0.31555147863504945,0.11447089190557719,0.28108400260122557,0.2719270800507493,bright,1
IMG_5562,none,4,right,0.0661559243625125,0.4677571202903355,0.2142086186650569,0.19453420526235882,dim,1
IMG_4119,none,1,left,0.0,0.0,0.0,0.0,shadow,0
IMG_6804,none,4,center,0.0,0.0,0.0,0.0,dim,0
IMG_2612,no_helmet,7,right,0.16965130269748158,0.43083626817639553,0.14973126678405713,0.1380417816881623,dim,1
IMG_7912,unsafe_scaffold,5,center,0.12490322394105025,0.4616327996380064,0.18862614901069139,0.27226982095236607,shadow,1
IMG_1828,no_helmet,2,left,0.08315555530195701,0.24282056272535923,0.14274945983983633,0.18020805850989052,bright,1
IMG_7209,no_helmet,7,center,0.4632590367796667,0.3925646783970608,0.15704984578938405,0.2393183007200325,shadow,1
IMG_3536,none,2,center,0.0,0.0,0.0,0.0,bright,0
IMG_9883,no_helmet,6,left,0.02507116863197678,0.23839425855446744,0.28387742616641504,0.20622522705410826,bright,1
IMG_4044,no_helmet,10,left,0.3376062768020451,0.1176019475004656,0.12397732278942485,0.2780574628258875,bright,1
IMG_2343,none,10,right,0.26139135776597944,0.4673531288682136,0.14085183988470729,0.24323836015788294,bright,1
IMG_7484,none,2,right,0.0,0.0,0.0,0.0,shadow,0
IMG_8491,none,3,left,0.0,0.0,0.0,0.0,bright,0
IMG_2638,none,1,right,0.0,0.0,0.0,0.0,bright,0
IMG_3170,none,3,left,0.0,0.0,0.0,0.0,bright,0
IMG_5669,none,2,center,0.0,0.0,0.0,0.0,shadow,0
IMG_9666,none,1,right,0.0,0.0,0.0,0.0,shadow,0
IMG_2697,none,2,center,0.0,0.0,0.0,0.0,bright,0
IMG_3546,missing_guardrail,5,right,0.10531482740347153,0.17144014389662932,0.2374994257602661,0.27058256307837947,shadow,1
IMG_5114,none,1,left,0.0,0.0,0.0,0.0,shadow,0
IMG_5533,none,1,left,0.0,0.0,0.0,0.0,dim,0
IMG_5291,unsafe_scaffold,8,right,0.35283372337999536,0.2804534323873732,0.12237477611786701,0.2890101878093278,shadow,1
IMG_9938,no_helmet,6,right,0.2762625483724988,0.21489335644038587,0.10836577163377158,0.1729303030654512,bright,1
IMG_4441,none,2,right,0.0,0.0,0.0,0.0,bright,0
IMG_7658,none,5,right,0.0,0.0,0.0,0.0,bright,0
IMG_3662,unsafe_scaffold,7,left,0.0896803317091035,0.4622436476207728,0.25647729922952633,0.18234263331031073,shadow,1
IMG_5371,unsafe_scaffold,2,center,0.43608339145304487,0.4292966256688908,0.14448674350913288,0.26331732111938577,dim,1
IMG_6000,none,2,left,0.0,0.0,0.0,0.0,bright,0
IMG_7528,missing_guardrail,5,left,0.4834445520241806,0.1395624963609357,0.22829634772152554,0.17993567687201217,shadow,1
IMG_1452,none,1,center,0.0,0.0,0.0,0.0,bright,0
IMG_1626,none,1,right,0.0,0.0,0.0,0.0,dim,0
IMG_6139,none,4,right,0.0,0.0,0.0,0.0,shadow,0
IMG_7311,unsafe_scaffold,5,left,0.3543926419170853,0.0008456391093147331,0.28511503309981656,0.20769039941855838,shadow,1
IMG_6967,none,2,right,0.4603854281090201,0.3115777049732046,0.23267749525310885,0.12492506313287355,dim,1
IMG_7691,none,3,center,0.0,0.0,0.0,0.0,shadow,0
IMG_3085,none,2,center,0.0,0.0,0.0,0.0,shadow,0
IMG_3851,none,5,right,0.0,0.0,0.0,0.0,dim,0
IMG_9977,none,1,center,0.0,0.0,0.0,0.0,dim,0
IMG_8043,missing_guardrail,8,center,0.2210798996524037,0.10685070049455014,0.19463723718186526,0.28023616516565086,shadow,1
IMG_2389,missing_guardrail,9,right,0.31647042788289786,0.16759412770490045,0.2636846929073329,0.2502276275081464,shadow,1
IMG_4680,none,2,left,0.0,0.0,0.0,0.0,bright,0
IMG_5011,none,10,left,0.22770808419004457,0.44306845452549076,0.21513417988186362,0.2436691830997977,dim,1
IMG_7547,none,2,left,0.0,0.0,0.0,0.0,shadow,0
IMG_2746,none,4,left,0.4020549280865715,0.34795588820411916,0.19290997691485043,0.21148115880667906,bright,1
IMG_3184,none,4,right,0.0,0.0,0.0,0.0,shadow,0
IMG_8251,none,5,right,0.0,0.0,0.0,0.0,shadow,0
IMG_9976,none,4,left,0.0,0.0,0.0,0.0,shadow,0
IMG_8373,none,3,left,0.0,0.0,0.0,0.0,shadow,0
IMG_9540,none,4,right,0.0,0.0,0.0,0.0,bright,0
IMG_8206,none,1,right,0.0,0.0,0.0,0.0,dim,0
IMG_5451,missing_guardrail,6,right,0.04028882882883422,0.0754153290065433,0.17660705848626762,0.1305610533154296,bright,1
IMG_7797,none,6,right,0.23296215167557532,0.03113285529179266,0.26657823386809754,0.17789536253338825,shadow,1
IMG_7232,none,1,center,0.14930632618619172,0.19499332403185943,0.2783283083937024,0.2671457341596801,shadow,1
IMG_8999,unsafe_scaffold,5,center,0.24282099689925019,0.19442860162306402,0.23377472412458342,0.2596284648840378,shadow,1
IMG_8657,unsafe_scaffold,10,right,0.013483225952568845,0.19701012816985236,0.21287839660495483,0.1054204092680625,shadow,1
IMG_3223,none,4,left,0.0,0.0,0.0,0.0,bright,0
IMG_7211,none,3,left,0.0,0.0,0.0,0.0,dim,0
IMG_6529,none,4,center,0.0,0.0,0.0,0.0,dim,0
IMG_2341,none,4,left,0.0,0.0,0.0,0.0,shadow,0
IMG_6733,unsafe_scaffold,2,right,0.020129068770383285,0.015514999440356059,0.1494566607465754,0.2678457692569196,shadow,1
IMG_4908,unsafe_scaffold,8,right,0.057194723054653285,0.4738785111083259,0.19300679668704412,0.15124873931243732,dim,1
IMG_2876,unsafe_scaffold,5,left,0.2893423662546218,0.4644435842035608,0.21515934568248282,0.2816052302094889,dim,1
IMG_4249,none,1,right,0.0,0.0,0.0,0.0,shadow,0
IMG_2669,missing_guardrail,10,left,0.398113608300106,0.28296627768365795,0.10821382604122723,0.20654904906210003,shadow,1
IMG_2129,none,5,right,0.0,0.0,0.0,0.0,dim,0
IMG_7882,none,2,center,0.4803937836072893,0.31779255305072296,0.26574146220049166,0.24146172874121538,dim,1
IMG_9548,missing_guardrail,10,right,0.3873207251857873,0.2324368858172539,0.2651469196841511,0.21849492381274033,dim,1
IMG_2419,missing_guardrail,8,left,0.3752381409135031,0.2849248223391611,0.2336376940890987,0.16727932397827505,dim,1
IMG_3979,none,4,left,0.0,0.0,0.0,0.0,dim,0
IMG_6576,none,3,right,0.0,0.0,0.0,0.0,shadow,0
IMG_1166,none,5,left,0.0,0.0,0.0,0.0,bright,0
IMG_7658,none,9,left,0.3453046697232615,0.32295144987047614,0.1981642670157172,0.2585865736264635,bright,1
IMG_4630,none,4,right,0.0,0.0,0.0,0.0,bright,0
IMG_7046,none,4,right,0.0,0.0,0.0,0.0,shadow,0
IMG_7971,none,5,center,0.0,0.0,0.0,0.0,dim,0
IMG_5438,none,3,center,0.0,0.0,0.0,0.0,bright,0
IMG_4155,missing_guardrail,2,right,0.2679319826918749,0.3810948047420515,0.1370299684875324,0.14327692797572114,dim,1
IMG_9595,none,5,center,0.0,0.0,0.0,0.0,bright,0
IMG_5853,unsafe_scaffold,6,left,0.1511337943902178,0.35400924285551566,0.12531659196959632,0.10910314019664367,bright,1
IMG_3068,none,4,left,0.0,0.0,0.0,0.0,bright,0
IMG_8690,none,4,center,0.0,0.0,0.0,0.0,dim,0
IMG_1841,missing_guardrail,8,left,0.4110578226497152,0.20035372112596989,0.11481643405112796,0.22588914139039964,bright,1
IMG_3444,missing_guardrail,2,left,0.05922578110573079,0.3822217226630971,0.22126353024859255,0.25814816596868384,bright,1
IMG_8381,none,4,center,0.0,0.0,0.0,0.0,shadow,0
IMG_6003,none,5,right,0.0,0.0,0.0,0.0,bright,0
IMG_4404,unsafe_scaffold,5,right,0.04059373273349215,0.1199325888373462,0.2103984491155518,0.1313065230886276,dim,1
IMG_8699,none,3,left,0.0,0.0,0.0,0.0,bright,0
IMG_5632,none,4,left,0.0,0.0,0.0,0.0,shadow,0
IMG_5334,unsafe_scaffold,7,left,0.27228118935528933,0.32381736170124037,0.28168228904252124,0.2653262319300119,bright,1
IMG_3718,missing_guardrail,10,right,0.4121201506600046,0.4605962644838191,0.18783068973474748,0.1937395940552324,dim,1
IMG_5460,none,5,right,0.0,0.0,0.0,0.0,dim,0
IMG_2317,none,5,left,0.0,0.0,0.0,0.0,dim,0
IMG_5102,none,1,left,0.0,0.0,0.0,0.0,bright,0
IMG_5415,no_helmet,3,center,0.259481920493802,0.22111470221010143,0.15563131448848416,0.29938909498651267,dim,1
IMG_2494,none,4,center,0.0,0.0,0.0,0.0,dim,0
IMG_6260,none,1,left,0.0,0.0,0.0,0.0,dim,0
IMG_9117,none,3,right,0.0,0.0,0.0,0.0,dim,0
IMG_8451,no_helmet,6,center,0.16163689313799734,0.4850923634042886,0.18083501140014913,0.20291925046582102,bright,1
IMG_7770,none,1,left,0.0,0.0,0.0,0.0,shadow,0
IMG_9167,none,4,left,0.0,0.0,0.0,0.0,bright,0
IMG_9998,none,2,center,0.0,0.0,0.0,0.0,dim,0
IMG_2989,none,1,right,0.0,0.0,0.0,0.0,shadow,0
IMG_3594,missing_guardrail,9,left,0.2761257045268665,0.04660460064076127,0.2984514278790439,0.2825859756968336,dim,1
IMG_3522,none,5,right,0.35270581496292686,0.20774517146767651,0.19649991539157124,0.19444395638068154,dim,1
IMG_7284,unsafe_scaffold,10,right,0.3731462727461988,0.06825417229543229,0.11396201592124611,0.254535026535401,dim,1
IMG_9318,none,3,left,0.0,0.0,0.0,0.0,dim,0
IMG_9022,none,2,center,0.0,0.0,0.0,0.0,shadow,0
IMG_6654,none,3,right,0.0,0.0,0.0,0.0,shadow,0
IMG_8460,none,3,left,0.0,0.0,0.0,0.0,shadow,0
IMG_7274,unsafe_scaffold,7,left,0.15908816361689992,0.23648812512020717,0.2826860335639252,0.17624622938942722,shadow,1
IMG_9115,no_helmet,3,right,0.48267679508842687,0.16599735196568188,0.12007292043297046,0.2690078846220765,bright,1
IMG_1251,none,2,center,0.0,0.0,0.0,0.0,shadow,0
IMG_2225,none,5,center,0.311629700260999,0.19874166194288673,0.1160630641158898,0.16571311779669123,shadow,1
IMG_6188,none,4,right,0.0,0.0,0.0,0.0,bright,0
IMG_4846,missing_guardrail,4,right,0.04518966538448432,0.4891688641102728,0.2520739385988531,0.24077816586580758,bright,1
IMG_3725,none,3,left,0.0,0.0,0.0,0.0,bright,0
IMG_1919,none,3,center,0.0,0.0,0.0,0.0,dim,0
IMG_3385,none,2,right,0.0,0.0,0.0,0.0,dim,0
IMG_3785,unsafe_scaffold,2,right,0.4354197993224274,0.3098551842687077,0.14816595837126262,0.2825658032047109,bright,1
IMG_8555,missing_guardrail,8,center,0.3334203586332404,0.4494542658501605,0.1930506511050603,0.15752633314968775,shadow,1
IMG_2210,none,6,right,0.1495771245618861,0.481014536411721,0.2380627024920258,0.1913671625335573,dim,1
IMG_7302,none,2,left,0.1906821488288145,0.17947957878862292,0.15917447804315693,0.23985581591014674,bright,1
IMG_5497,none,1,right,0.0,0.0,0.0,0.0,shadow,0
IMG_9138,missing_guardrail,4,right,0.4009659787726438,0.10950226946405273,0.13802639785541765,0.1501253600087232,shadow,1
IMG_2591,no_helmet,5,center,0.016682265622816217,0.18243061651423487,0.1262823612840971,0.28192556246386535,dim,1
IMG_3877,none,2,left,0.0,0.0,0.0,0.0,shadow,0
IMG_9697,none,5,center,0.0,0.0,0.0,0.0,bright,0
IMG_8894,none,3,right,0.0,0.0,0.0,0.0,dim,0
IMG_8673,no_helmet,3,left,0.4300702984494109,0.3621083560377591,0.2959884485563807,0.29345394946000647,shadow,1
IMG_2479,none,4,left,0.0,0.0,0.0,0.0,dim,0
IMG_8451,missing_guardrail,5,right,0.19051274963623765,0.31927463390041844,0.17429472820214345,0.23496731107506438,dim,1
IMG_6374,unsafe_scaffold,2,right,0.4119276756952238,0.454693819213946,0.16043803490585004,0.18165917115908253,bright,1
IMG_1609,missing_guardrail,8,left,0.0485959993109108,0.44362965426425116,0.1271328097412673,0.1907287513777785,shadow,1
IMG_3531,none,4,right,0.0,0.0,0.0,0.0,bright,0
IMG_7686,none,3,left,0.0,0.0,0.0,0.0,shadow,0
IMG_4559,none,4,center,0.0,0.0,0.0,0.0,bright,0
IMG_2627,none,3,right,0.0,0.0,0.0,0.0,shadow,0
IMG_1992,none,4,center,0.0,0.0,0.0,0.0,bright,0
IMG_8450,no_helmet,4,right,0.3197464592648519,0.48554665603249314,0.1101157021325746,0.1667018312865032,bright,1
IMG_2124,unsafe_scaffold,10,left,0.4065264905605295,0.11649933952301572,0.254873715560964,0.2577287508555219,shadow,1
IMG_5542,unsafe_scaffold,3,right,0.12532709836406192,0.08724856045069673,0.23221152851946336,0.10515602995723967,bright,1
IMG_4898,none,5,center,0.0,0.0,0.0,0.0,bright,0
IMG_5347,no_helmet,3,right,0.21048027845503958,0.056824653393273306,0.11271160762942725,0.18965504285397683,dim,1
IMG_8405,unsafe_scaffold,10,left,0.3636214985818676,0.4543758439532701,0.23178061473585845,0.16032606580561776,shadow,1
IMG_1996,none,7,center,0.34304874803111635,0.24513442707211264,0.2819401658230458,0.1146981431532901,bright,1
IMG_3430,none,1,left,0.0,0.0,0.0,0.0,dim,0
IMG_7240,none,5,right,0.0,0.0,0.0,0.0,dim,0
IMG_9282,none,5,center,0.0,0.0,0.0,0.0,bright,0
IMG_4522,none,8,left,0.2069067855884567,0.41370961239002235,0.17974603685139065,0.24592250152690087,dim,1
IMG_6120,none,3,center,0.0,0.0,0.0,0.0,bright,0
IMG_2099,none,1,left,0.0,0.0,0.0,0.0,bright,0
IMG_2582,none,3,left,0.0,0.0,0.0,0.0,shadow,0
IMG_6400,no_helmet,7,center,0.43680368611715925,0.47056493442611486,0.18458737115277668,0.28316873419442873,bright,1
IMG_6119,none,3,left,0.0,0.0,0.0,0.0,shadow,0
IMG_3535,none,4,left,0.17505699711059558,0.27813273805216343,0.12297706270606164,0.15571364249899983,bright,1
IMG_1430,none,5,right,0.0,0.0,0.0,0.0,shadow,0
IMG_1474,none,2,center,0.0,0.0,0.0,0.0,shadow,0
IMG_6567,none,3,left,0.0,0.0,0.0,0.0,bright,0
IMG_7566,no_helmet,3,right,0.3165860063277569,0.015328549190452956,0.24922235240114135,0.14302657600670218,dim,1
IMG_6585,none,2,center,0.0,0.0,0.0,0.0,dim,0
IMG_2391,none,1,left,0.0,0.0,0.0,0.0,bright,0
IMG_2336,missing_guardrail,8,right,0.2120073865564976,0.3035380037205077,0.18283674757654494,0.14311379306754937,shadow,1
IMG_6655,none,2,center,0.3391089464667672,0.2965671251961319,0.20538682142962894,0.16168387837025128,bright,1
IMG_1897,none,1,left,0.0,0.0,0.0,0.0,dim,0
IMG_3248,missing_guardrail,5,center,0.059992171852774556,0.24869266430666342,0.1861310022707206,0.12583714035184299,shadow,1
IMG_9196,missing_guardrail,2,center,0.4308821810112943,0.02115113078139569,0.10374830731712914,0.2842324869004825,dim,1
IMG_7626,none,4,center,0.0,0.0,0.0,0.0,bright,0
IMG_1341,none,3,left,0.0,0.0,0.0,0.0,shadow,0
IMG_6928,none,1,center,0.0,0.0,0.0,0.0,bright,0
IMG_8138,none,9,left,0.19788334842966648,0.15513728091793066,0.16790265622969278,0.16661372449862638,bright,1
IMG_9363,no_helmet,9,right,0.09695185313345017,0.38811411466216766,0.17021994699147208,0.29164466979943005,shadow,1
IMG_4871,no_helmet,3,center,0.09863590141199163,0.3011994926365829,0.2520430591093784,0.2311018021037478,bright,1
IMG_8601,none,5,right,0.0,0.0,0.0,0.0,dim,0
IMG_6179,none,2,center,0.0,0.0,0.0,0.0,bright,0
IMG_8245,none,3,center,0.0,0.0,0.0,0.0,shadow,0
IMG_6766,no_helmet,5,center,0.2259569318503411,0.02844502541697619,0.26633932633262425,0.115346200234691,bright,1
IMG_8581,none,5,right,0.0,0.0,0.0,0.0,shadow,0
IMG_8368,unsafe_scaffold,6,right,0.23781451397153475,0.07543053834781926,0.11237474002022015,0.12070037545407833,dim,1
IMG_9266,unsafe_scaffold,1,left,0.35381085216163943,0.49549301132344375,0.20481371063403492,0.2219610812645349,dim,1
IMG_5634,none,4,center,0.0,0.0,0.0,0.0,dim,0
IMG_6482,no_helmet,6,left,0.27898160620920115,0.19328210236186893,0.15039915699323064,0.27031325199688083,shadow,1
IMG_6461,no_helmet,10,right,0.07071419029215892,0.1749103937679221,0.2935393015385489,0.2396959925623762,dim,1
IMG_2388,missing_guardrail,9,center,0.32174663168065976,0.164238277126792,0.12555875282006917,0.24056617443108402,shadow,1
IMG_7937,missing_guardrail,1,center,0.15443303503194045,0.47558465679806716,0.16834646902630962,0.2532312415335639,bright,1
IMG_3253,unsafe_scaffold,2,center,0.42221419434294166,0.050570381833947076,0.2541749440726202,0.2670239653269112,shadow,1
IMG_6517,unsafe_scaffold,10,center,0.07712638066056077,0.0904229835843483,0.23856912817224532,0.22494809599078253,bright,1
IMG_1715,none,4,center,0.0,0.0,0.0,0.0,shadow,0
IMG_8277,missing_guardrail,8,left,0.26700557484913057,0.1547339482813948,0.26172477421815726,0.19380312100645053,bright,1
IMG_8218,none,4,center,0.0,0.0,0.0,0.0,dim,0
IMG_3655,none,2,right,0.0,0.0,0.0,0.0,bright,0
IMG_1854,none,4,center,0.0,0.0,0.0,0.0,shadow,0
IMG_9452,no_helmet,5,left,0.38155841514584543,0.1363956497956783,0.28106124179564823,0.12946973119832086,dim,1
IMG_4637,none,6,left,0.2074484529095027,0.1982269827351239,0.174792297535804,0.177233223608919,bright,1
IMG_4678,none,1,center,0.0,0.0,0.0,0.0,bright,0
IMG_3392,none,2,left,0.0,0.0,0.0,0.0,dim,0
IMG_3273,none,4,center,0.0,0.0,0.0,0.0,shadow,0
IMG_2298,no_helmet,5,left,0.4174815496411905,0.2744021227219177,0.24544695706498634,0.20555430117734486,bright,1
IMG_4893,none,3,left,0.0,0.0,0.0,0.0,bright,0
IMG_7878,none,2,left,0.4183438603026676,0.2499146111188048,0.20721075686281226,0.22639098840262847,shadow,1
IMG_3352,missing_guardrail,7,left,0.30740479138797533,0.12028211940327177,0.18331351904170795,0.2328742603484018,bright,1
IMG_2108,none,5,right,0.0,0.0,0.0,0.0,shadow,0
IMG_7397,none,1,right,0.19344066076367877,0.18665119355041626,0.24946331831252905,0.17141877530294658,bright,1
IMG_4950,none,1,right,0.0,0.0,0.0,0.0,shadow,0
IMG_3185,none,1,center,0.0,0.0,0.0,0.0,shadow,0
IMG_3868,none,4,right,0.0,0.0,0.0,0.0,dim,0
IMG_3209,no_helmet,8,left,0.14672128558751563,0.021903137829561548,0.13989396674303767,0.10838118838607641,dim,1
IMG_9897,none,4,center,0.0,0.0,0.0,0.0,bright,0
IMG_5687,missing_guardrail,1,right,0.16596234319067227,0.0622375041221917,0.1736038348629346,0.2778973034024563,shadow,1
IMG_7334,none,3,left,0.0,0.0,0.0,0.0,dim,0
IMG_7018,none,5,center,0.0,0.0,0.0,0.0,bright,0
IMG_2293,none,4,right,0.0,0.0,0.0,0.0,bright,0
IMG_6262,none,1,left,0.0,0.0,0.0,0.0,dim,0
IMG_6021,none,4,right,0.0,0.0,0.0,0.0,shadow,0
IMG_3730,none,4,center,0.0,0.0,0.0,0.0,dim,0
IMG_6776,none,5,right,0.49001363959713956,0.47395218930154315,0.11500823299763185,0.22750250757665966,dim,1
IMG_1510,unsafe_scaffold,10,right,0.39065598487173325,0.017399482899271013,0.11344667261242176,0.2557030747013731,dim,1
IMG_7272,none,5,left,0.0,0.0,0.0,0.0,shadow,0
IMG_8371,missing_guardrail,6,center,0.38154223589928976,0.28696088916694784,0.20589197630725792,0.17960680919049,shadow,1
IMG_5089,none,1,left,0.0,0.0,0.0,0.0,shadow,0
IMG_9176,none,9,left,0.1308883382937479,0.13014488556995168,0.18925462248112324,0.2992730224309521,dim,1
IMG_4279,none,1,left,0.0,0.0,0.0,0.0,bright,0
IMG_3828,none,4,left,0.0,0.0,0.0,0.0,shadow,0
IMG_6692,none,1,right,0.0,0.0,0.0,0.0,shadow,0
IMG_5914,none,2,right,0.0,0.0,0.0,0.0,shadow,0
IMG_6922,unsafe_scaffold,2,left,0.3960328368055704,0.11836809214343524,0.19880438748938445,0.17217930488887642,shadow,1
IMG_8657,none,5,left,0.0,0.0,0.0,0.0,shadow,0
IMG_2077,missing_guardrail,7,right,0.35943482994535975,0.26284782741515006,0.2538329100749396,0.2646678799016781,bright,1
IMG_6194,no_helmet,8,center,0.3400544953247905,0.17225739035134985,0.27559203033008234,0.25605258576766166,shadow,1
IMG_3114,none,9,left,0.4156954032337707,0.25905106646200815,0.16082490856149356,0.13239339191117994,shadow,1
IMG_6669,missing_guardrail,2,center,0.09815095974153681,0.47817581352159905,0.15489020664270264,0.2250044722897181,shadow,1
IMG_9234,unsafe_scaffold,10,right,0.07709713343978158,0.32936643669187715,0.2441265536874546,0.22102778157237107,shadow,1
IMG_1464,no_helmet,1,right,0.38551118439723264,0.13232795391652724,0.14216167594039292,0.2144274404892128,shadow,1
IMG_9159,missing_guardrail,5,center,0.12243895532447152,0.4036746572143988,0.18121850534891168,0.19070882659103425,shadow,1
IMG_3589,none,7,center,0.23222107888766752,0.17009628417588868,0.12873373823252693,0.272297015366499,dim,1
IMG_7532,none,2,center,0.0,0.0,0.0,0.0,shadow,0
IMG_6228,unsafe_scaffold,8,left,0.1337358372270912,0.12395944126277281,0.1193623305121143,0.15804240099398031,dim,1
IMG_5067,none,2,center,0.0,0.0,0.0,0.0,shadow,0
IMG_4110,none,2,center,0.0,0.0,0.0,0.0,shadow,0
IMG_9171,none,3,center,0.0,0.0,0.0,0.0,bright,0
IMG_7442,none,4,left,0.2916720559928383,0.024329066464827964,0.15627126767470567,0.21950375420203724,shadow,1
IMG_5681,none,5,left,0.0,0.0,0.0,0.0,bright,0
IMG_3194,none,3,right,0.0,0.0,0.0,0.0,dim,0
IMG_6995,none,1,center,0.0,0.0,0.0,0.0,bright,0
IMG_6939,missing_guardrail,2,center,0.25212776456160235,0.3822020573536198,0.1559441355247964,0.29781814012414454,shadow,1
IMG_3108,no_helmet,7,center,0.3974486141904729,0.16954264997628266,0.28778971339107506,0.2509930344585588,bright,1
IMG_9193,none,1,left,0.0,0.0,0.0,0.0,bright,0
IMG_6456,none,9,center,0.07447033228822242,0.4465658460390036,0.12795619715447104,0.28627374710599796,dim,1
IMG_7438,missing_guardrail,10,center,0.2536574931006483,0.2548570503754162,0.19796933041325182,0.21258485212890887,dim,1
IMG_7035,missing_guardrail,2,center,0.29185107092439316,0.39837740696507357,0.24506484251037106,0.23760873024055432,bright,1
IMG_5350,none,5,right,0.0,0.0,0.0,0.0,bright,0
IMG_8871,unsafe_scaffold,9,right,0.3605914176245622,0.38730306491690547,0.17603806726303056,0.26433225822557044,bright,1
IMG_2800,unsafe_scaffold,1,center,0.1568462417229276,0.07571562905967272,0.23810005218370509,0.182075481864541,shadow,1
IMG_2020,none,2,right,0.0,0.0,0.0,0.0,bright,0
IMG_8837,none,5,center,0.0,0.0,0.0,0.0,dim,0
IMG_8531,missing_guardrail,9,center,0.337934288278184,0.43382720172749667,0.2361491779138283,0.26073050602274134,dim,1
IMG_4150,none,2,center,0.0,0.0,0.0,0.0,shadow,0
IMG_4684,none,3,center,0.0,0.0,0.0,0.0,shadow,0
IMG_9011,missing_guardrail,8,center,0.28024379511810976,0.46724269462900364,0.24433287571885812,0.15755787509959057,shadow,1
IMG_7464,none,3,left,0.0,0.0,0.0,0.0,dim,0
IMG_5712,no_helmet,6,center,0.3279860252754538,0.37366924985900246,0.14279736161540152,0.2655903407016067,dim,1
IMG_3249,none,1,right,0.0,0.0,0.0,0.0,shadow,0
IMG_4972,no_helmet,9,left,0.3189722867043188,0.026245553419731393,0.18266027320965172,0.2434716112500487,bright,1
IMG_1084,unsafe_scaffold,7,right,0.4675160492980758,0.4391998107571141,0.19548970408817928,0.13989119493352034,dim,1
IMG_5676,none,1,left,0.0,0.0,0.0,0.0,shadow,0
IMG_9767,no_helmet,3,center,0.4411224865824166,0.08789435376943128,0.2839269623701868,0.299434360617702,dim,1
IMG_4052,none,3,left,0.0,0.0,0.0,0.0,bright,0
IMG_2758,none,3,center,0.0,0.0,0.0,0.0,dim,0
IMG_3198,none,5,center,0.0,0.0,0.0,0.0,dim,0
IMG_2845,missing_guardrail,3,right,0.22945723551618058,0.12863244011475955,0.13723981382561354,0.2473235790984514,dim,1
IMG_3875,none,7,right,0.163963329370088,0.20041662331393306,0.11907702115890562,0.2963370384881077,dim,1
IMG_5064,none,1,center,0.0,0.0,0.0,0.0,dim,0
IMG_8319,missing_guardrail,6,center,0.2912303757774924,0.28643867377726634,0.15231063016307855,0.17191041811223118,bright,1
IMG_2936,none,5,left,0.20270830648419863,0.2512602356191948,0.2790236739632508,0.24071140702045118,dim,1
IMG_5833,missing_guardrail,10,left,0.10956430046767196,0.06678439109840206,0.13063711293783584,0.2495469674301713,shadow,1
IMG_7813,none,5,center,0.0,0.0,0.0,0.0,shadow,0
IMG_5054,no_helmet,9,center,0.2640865620365967,0.18089243426212187,0.2834489413561951,0.12244175830745406,shadow,1
IMG_9792,unsafe_scaffold,3,center,0.42724300369747553,0.22092027632981542,0.23605904758781415,0.24338359323612999,dim,1
IMG_9361,none,1,center,0.0659721699105495,0.2077122869223299,0.2127822370197427,0.21175943979975326,shadow,1
IMG_1356,none,4,center,0.0,0.0,0.0,0.0,bright,0
IMG_2196,no_helmet,7,center,0.35019243904858793,0.27058175203995277,0.11205112626341401,0.2788436890676903,dim,1
IMG_5703,none,3,left,0.38291384146185586,0.4891666424620505,0.2291761636194327,0.18407238777646556,dim,1
IMG_7184,none,4,left,0.0,0.0,0.0,0.0,shadow,0
IMG_6697,no_helmet,3,right,0.19652931589202038,0.06367354366130429,0.29574487540526717,0.2669643223337431,bright,1
IMG_8585,none,5,center,0.0,0.0,0.0,0.0,shadow,0
IMG_4762,none,2,center,0.0,0.0,0.0,0.0,dim,0
IMG_5516,unsafe_scaffold,2,left,0.4047390917695972,0.20962029924587605,0.2532106935027807,0.2767513243690749,bright,1
IMG_4376,no_helmet,2,right,0.016788137877140397,0.29889244836577633,0.24065725337298574,0.10973526424874983,shadow,1
IMG_7590,none,4,right,0.1086346050887767,0.4318651213350282,0.11128880700489219,0.20077916978818688,dim,1
IMG_6224,missing_guardrail,4,center,0.4381291610869036,0.4928477803625629,0.20425021085298467,0.18271204128936075,dim,1
IMG_3869,none,9,center,0.023442048476227495,0.17220741488630475,0.22866321306130666,0.17623092649251906,shadow,1
IMG_7821,none,4,left,0.0,0.0,0.0,0.0,dim,0
IMG_4012,none,5,center,0.0,0.0,0.0,0.0,bright,0
IMG_5927,unsafe_scaffold,8,left,0.28119297479345456,0.48389309427331334,0.21145735163985463,0.1268185502118156,bright,1
IMG_4331,none,3,right,0.0,0.0,0.0,0.0,bright,0
IMG_7079,none,1,right,0.0,0.0,0.0,0.0,shadow,0
IMG_1844,missing_guardrail,7,right,0.3024847231914179,0.019773777103500256,0.11455686567450059,0.26093012357010903,shadow,1
IMG_8854,unsafe_scaffold,6,center,0.4785098802633366,0.007666853114246419,0.2874319526404495,0.2924155112228918,bright,1
IMG_4974,none,5,right,0.0,0.0,0.0,0.0,bright,0
IMG_4921,none,5,center,0.0,0.0,0.0,0.0,dim,0
IMG_8639,none,5,right,0.0,0.0,0.0,0.0,dim,0
IMG_5285,none,3,right,0.0,0.0,0.0,0.0,dim,0
IMG_2615,none,4,center,0.0,0.0,0.0,0.0,bright,0
IMG_6126,none,4,left,0.0,0.0,0.0,0.0,shadow,0
IMG_3390,no_helmet,5,right,0.46737912514817676,0.28957146301870024,0.18351561471103472,0.13048228203682866,dim,1
IMG_7223,unsafe_scaffold,8,right,0.32730398306051095,0.3424233061729531,0.15146535152697654,0.2643183879384713,shadow,1
IMG_8550,none,2,right,0.0,0.0,0.0,0.0,dim,0
IMG_3293,none,3,right,0.4951617704399282,0.4786184469563218,0.2047888830808159,0.26781369871899097,bright,1
IMG_1104,none,3,right,0.11571669603872276,0.3535847818517299,0.10182829233813236,0.201146583938613,dim,1
IMG_8916,none,1,left,0.2661062425063683,0.20566925410870823,0.103345229520526,0.24443854432514417,shadow,1
IMG_1280,none,5,right,0.0,0.0,0.0,0.0,shadow,0
IMG_3937,none,1,left,0.0,0.0,0.0,0.0,shadow,0
IMG_4948,unsafe_scaffold,10,right,0.12620909815734022,0.17722055043028567,0.25898726641669334,0.11580384876288707,dim,1
IMG_4984,none,2,center,0.0,0.0,0.0,0.0,shadow,0
IMG_1519,no_helmet,7,center,0.1885847842421436,0.23800255006594556,0.22734961511112775,0.2405690300038212,bright,1
IMG_8109,none,3,right,0.0,0.0,0.0,0.0,bright,0
IMG_4764,unsafe_scaffold,10,center,0.13554752635420098,0.4620796333042832,0.2368857486927283,0.15607460275189824,shadow,1
IMG_3938,missing_guardrail,1,left,0.2935180520422442,0.37612723492343253,0.24254227998987193,0.17965920407902441,bright,1
IMG_3661,none,5,left,0.0,0.0,0.0,0.0,shadow,0
IMG_9856,none,3,center,0.0,0.0,0.0,0.0,shadow,0
IMG_2284,missing_guardrail,1,left,0.21854412642174958,0.4193373288065875,0.16811854929502118,0.25380113067308846,shadow,1
IMG_6347,none,1,right,0.0,0.0,0.0,0.0,dim,0
IMG_9038,none,2,center,0.0,0.0,0.0,0.0,shadow,0
IMG_8075,none,2,right,0.0,0.0,0.0,0.0,shadow,0
IMG_2404,none,5,center,0.0,0.0,0.0,0.0,bright,0
IMG_2344,missing_guardrail,3,center,0.35583857738930835,0.31695044098152547,0.2479310577953189,0.16333564573630724,bright,1
IMG_1085,missing_guardrail,8,center,0.38067324560048593,0.05111570705662294,0.11745944647102323,0.18619590319520782,shadow,1
IMG_2692,none,1,left,0.0,0.0,0.0,0.0,dim,0
IMG_6315,none,1,center,0.2069050348840637,0.38958455281220195,0.24496876880695825,0.2119073091524952,bright,1
IMG_7237,unsafe_scaffold,3,center,0.15056563268753437,0.24656197110539235,0.11265343005539089,0.186935253852549,dim,1
IMG_8933,none,1,center,0.0,0.0,0.0,0.0,dim,0
IMG_9123,unsafe_scaffold,8,left,0.06774476284033804,0.003383684712735757,0.17913839568528117,0.26832267734437015,dim,1
IMG_8212,none,3,center,0.0,0.0,0.0,0.0,shadow,0
IMG_5922,missing_guardrail,10,right,0.10042574435103585,0.15709164059772068,0.29291492461895874,0.2937450443493391,dim,1
IMG_4971,none,3,center,0.0,0.0,0.0,0.0,dim,0
IMG_6980,none,1,right,0.0,0.0,0.0,0.0,bright,0
IMG_1440,none,4,center,0.3988427605157018,0.41564090435518053,0.11383173438752525,0.26955758600779894,dim,1
IMG_3280,none,3,left,0.0,0.0,0.0,0.0,dim,0
IMG_7932,none,2,center,0.495350307218484,0.2396173498863131,0.18016101946587473,0.2013225286059018,shadow,1
IMG_9907,none,1,center,0.0,0.0,0.0,0.0,shadow,0
IMG_2791,unsafe_scaffold,6,left,0.32349992399170213,0.022148346763924798,0.29672164119039657,0.23549437917283714,dim,1
IMG_8052,none,1,left,0.0,0.0,0.0,0.0,bright,0
IMG_4637,none,5,right,0.0,0.0,0.0,0.0,shadow,0
IMG_8303,missing_guardrail,7,center,0.386171116231216,0.2942949782700736,0.20009315632394692,0.16899347751990365,bright,1
IMG_2712,none,3,center,0.0,0.0,0.0,0.0,bright,0
IMG_3321,missing_guardrail,5,center,0.22766631761293854,0.10343366310415725,0.19658519975587768,0.1952325062418327,dim,1
IMG_6225,none,1,center,0.0,0.0,0.0,0.0,bright,0
IMG_1370,missing_guardrail,2,right,0.4000250628752786,0.46496122324429623,0.24809789693938633,0.20319878037937467,shadow,1
IMG_6422,none,8,left,0.39887789415213254,0.3148801594393394,0.1372773850567324,0.23146158223172195,dim,1
IMG_4232,none,10,center,0.19441789017785355,0.3523678079798672,0.1411568958734644,0.25046509907209835,bright,1
IMG_9796,unsafe_scaffold,6,center,0.09853713757377275,0.05697748535258096,0.2341402856448837,0.19789679576116057,shadow,1
IMG_7367,none,5,center,0.0,0.0,0.0,0.0,shadow,0
IMG_6700,missing_guardrail,8,right,0.08626375650516988,0.33679443115736674,0.26012267663694144,0.2837365159608193,shadow,1
IMG_3194,missing_guardrail,2,left,0.15269000126774945,0.09152225916574175,0.2386873083432891,0.20216497389743215,dim,1
IMG_7286,none,3,center,0.3177508210293176,0.34671646326467764,0.22905201901599007,0.2999799105126184,shadow,1
IMG_9022,missing_guardrail,3,left,0.15729000733042214,0.22550048537332557,0.11072225252616737,0.17180783443427378,bright,1
IMG_3236,none,2,center,0.0,0.0,0.0,0.0,shadow,0
IMG_7703,none,4,center,0.0,0.0,0.0,0.0,shadow,0
IMG_9006,none,2,left,0.0,0.0,0.0,0.0,shadow,0
IMG_4613,missing_guardrail,1,center,0.11242170832160342,0.1443351550706065,0.2561480394859931,0.2131300922371719,dim,1
IMG_2871,missing_guardrail,9,center,0.2710216895588149,0.3783931212187205,0.25200082617846165,0.18827331594579408,bright,1
IMG_2677,none,2,center,0.0,0.0,0.0,0.0,bright,0
IMG_5305,none,3,left,0.0,0.0,0.0,0.0,dim,0
IMG_4882,unsafe_scaffold,10,right,0.17531542055699484,0.35537697974689975,0.2265541261854277,0.13319632353805183,bright,1
IMG_4390,no_helmet,10,center,0.2661403986852058,0.2984288429422995,0.13367547292061688,0.2958000312805977,dim,1
IMG_5380,none,5,right,0.0,0.0,0.0,0.0,bright,0
IMG_7743,no_helmet,5,right,0.06344408430690512,0.4330393974955784,0.14993544838762796,0.2422789697678338,bright,1
IMG_9019,none,2,right,0.0,0.0,0.0,0.0,shadow,0
IMG_7786,none,4,center,0.0,0.0,0.0,0.0,bright,0
IMG_7600,missing_guardrail,6,center,0.4751270394326913,0.16364464008046514,0.10049461702839696,0.25482705808753864,shadow,1
IMG_8511,missing_guardrail,2,right,0.1988579340943319,0.48406429003791174,0.26496952952720443,0.19894298951109773,dim,1
IMG_6533,none,5,right,0.0,0.0,0.0,0.0,bright,0
IMG_6631,none,1,left,0.0,0.0,0.0,0.0,bright,0
IMG_1266,none,1,left,0.0,0.0,0.0,0.0,dim,0
IMG_1011,none,4,left,0.0,0.0,0.0,0.0,shadow,0
IMG_5945,unsafe_scaffold,5,left,0.32729398220939704,0.12519463927455443,0.17436875352935316,0.28076005376713153,bright,1
IMG_7493,missing_guardrail,4,center,0.3277426141917675,0.3518490198820221,0.10021726073834475,0.19536134165218283,bright,1
IMG_9510,none,1,left,0.34779855364402434,0.4085545134566492,0.2976309818928544,0.184462786755012,bright,1
IMG_2160,none,2,center,0.0,0.0,0.0,0.0,bright,0
IMG_2690,missing_guardrail,6,center,0.06856464737177281,0.38673024182531207,0.2506315601982136,0.12662924623724242,shadow,1
IMG_2120,no_helmet,10,right,0.08205827489532314,0.17559385941338546,0.1426110902847052,0.2496537672748776,dim,1
IMG_4559,none,1,left,0.0,0.0,0.0,0.0,bright,0
IMG_7291,missing_guardrail,7,center,0.39553833059903304,0.12389318748178946,0.22892411363757953,0.14963340543716644,shadow,1
IMG_1439,none,3,left,0.0,0.0,0.0,0.0,shadow,0
IMG_7418,missing_guardrail,1,left,0.24744385997163343,0.05637183130190426,0.1999165082545315,0.2187859536275446,shadow,1
IMG_6916,missing_guardrail,3,center,0.4304070019683737,0.28419019438648047,0.17308249256961974,0.23658840980048523,dim,1
IMG_1273,no_helmet,1,center,0.10787146925861707,0.46128964446659704,0.2897359993894249,0.17959500477703005,dim,1
IMG_7939,none,4,left,0.0,0.0,0.0,0.0,shadow,0
IMG_5546,no_helmet,5,left,0.2556523491476657,0.10159874697891391,0.26161201619413066,0.20727803457789168,dim,1
IMG_6081,none,4,left,0.12223987685968274,0.4623138771745696,0.12319731630887365,0.22245935888414442,bright,1
IMG_3877,none,1,left,0.0,0.0,0.0,0.0,shadow,0
IMG_1185,unsafe_scaffold,8,center,0.2615026813642041,0.3914935507718729,0.2441531036186918,0.13339259083847615,bright,1
IMG_2934,none,1,center,0.0,0.0,0.0,0.0,dim,0
IMG_9582,none,1,center,0.0,0.0,0.0,0.0,shadow,0
IMG_9128,none,9,center,0.027719555421210795,0.42967989134373563,0.1333762785310861,0.1314619962202252,bright,1
IMG_4742,no_helmet,1,left,0.12227572517835172,0.23588229478886907,0.17659589487347982,0.13001693364823003,bright,1
IMG_4678,none,3,left,0.0,0.0,0.0,0.0,dim,0
IMG_5444,none,1,right,0.0,0.0,0.0,0.0,dim,0
IMG_9225,no_helmet,3,left,0.40216900972937836,0.4907069319707475,0.2908158814920855,0.11378528755454903,dim,1
IMG_6090,none,3,left,0.0,0.0,0.0,0.0,shadow,0
IMG_1130,none,3,left,0.0,0.0,0.0,0.0,dim,0
IMG_4974,none,4,center,0.0,0.0,0.0,0.0,shadow,0
IMG_4201,none,5,left,0.0,0.0,0.0,0.0,bright,0
IMG_7718,no_helmet,4,right,0.1732118488697031,0.41978700344808695,0.275439722850315,0.2901980524286887,bright,1
IMG_6038,none,1,left,0.0,0.0,0.0,0.0,shadow,0
IMG_7878,none,1,left,0.35582623735005137,0.04651331917904411,0.2842548805944213,0.27945749438629186,shadow,1
IMG_7102,none,4,right,0.0,0.0,0.0,0.0,bright,0
IMG_9280,unsafe_scaffold,7,left,0.29594788166813824,0.031141431759979077,0.2324887856307898,0.12614165728803237,dim,1
IMG_6161,none,4,right,0.0,0.0,0.0,0.0,shadow,0
IMG_6211,none,4,center,0.0,0.0,0.0,0.0,bright,0
IMG_4321,unsafe_scaffold,10,left,0.07770527566096835,0.0821874903498841,0.19321102248733235,0.18130251038184275,shadow,1
IMG_4401,none,4,center,0.0,0.0,0.0,0.0,dim,0
IMG_2964,none,1,left,0.0,0.0,0.0,0.0,shadow,0
IMG_1660,none,2,center,0.0,0.0,0.0,0.0,bright,0
IMG_5066,missing_guardrail,7,right,0.02447530879521137,0.14942035548451088,0.2640179231623957,0.13477354650360657,dim,1
IMG_5093,none,1,center,0.0,0.0,0.0,0.0,bright,0
IMG_2989,no_helmet,1,left,0.06535761877198898,0.4118367075941779,0.17444794876319952,0.22605950972076488,shadow,1
IMG_5240,no_helmet,1,left,0.09887516834771659,0.3229934477933918,0.26185973305820154,0.11839572773140367,dim,1
IMG_1699,none,1,left,0.46206586276696693,0.2165781886193357,0.2448861694261412,0.19922527824265107,dim,1
IMG_3831,none,3,left,0.0,0.0,0.0,0.0,bright,0
IMG_5585,none,4,left,0.0,0.0,0.0,0.0,bright,0
IMG_5835,none,7,right,0.23951546498007725,0.04386077552950374,0.17660305520480277,0.18384696423926622,shadow,1
IMG_9907,no_helmet,7,right,0.17955605491878252,0.2722589030170258,0.19693589708810166,0.2825354033196734,shadow,1
IMG_7363,none,3,left,0.0,0.0,0.0,0.0,bright,0
IMG_4588,none,1,center,0.0,0.0,0.0,0.0,bright,0
IMG_9674,none,3,right,0.0,0.0,0.0,0.0,bright,0
IMG_2640,unsafe_scaffold,4,center,0.2668447822939051,0.39561860605053406,0.24741202750192381,0.25280994474350216,bright,1
IMG_6813,none,2,left,0.0,0.0,0.0,0.0,bright,0
IMG_6878,none,5,left,0.0,0.0,0.0,0.0,shadow,0
IMG_3328,none,5,left,0.0,0.0,0.0,0.0,dim,0
IMG_3876,none,4,left,0.0,0.0,0.0,0.0,bright,0
IMG_4811,unsafe_scaffold,1,right,0.2389944940830897,0.1658669967871017,0.22282695353249365,0.26128908266200057,dim,1
IMG_6301,no_helmet,1,left,0.29330458754560473,0.4586120737405593,0.2548732997639784,0.2692961775158269,dim,1
IMG_7120,none,10,left,0.16828053557040223,0.16130160218645506,0.29517213427648525,0.24647040508492815,dim,1
IMG_6198,none,2,right,0.0,0.0,0.0,0.0,shadow,0
IMG_4657,none,5,left,0.0,0.0,0.0,0.0,dim,0
IMG_5825,none,2,left,0.0,0.0,0.0,0.0,shadow,0
IMG_7415,no_helmet,3,right,0.15910845593004752,0.4044034628850657,0.2222762304855812,0.22792935455672478,bright,1
IMG_3304,none,3,right,0.0,0.0,0.0,0.0,bright,0
IMG_6682,missing_guardrail,3,right,0.44266012669756866,0.04436300628506318,0.24179316262904488,0.22782053758097578,dim,1
IMG_1186,none,3,left,0.0,0.0,0.0,0.0,bright,0
IMG_6742,missing_guardrail,2,right,0.0006405787473449664,0.19296854897670496,0.24651689889975373,0.29382036502113706,dim,1
IMG_7204,none,3,right,0.0,0.0,0.0,0.0,dim,0
IMG_8855,unsafe_scaffold,3,center,0.03685469478068709,0.42288124201228017,0.15898172262322602,0.1637433815913315,bright,1
IMG_6600,unsafe_scaffold,7,left,0.36599254263565845,0.2735231293061157,0.2796248346239947,0.11862093707613733,shadow,1
IMG_1507,none,4,right,0.0,0.0,0.0,0.0,bright,0
IMG_3573,none,1,left,0.0,0.0,0.0,0.0,dim,0
IMG_4112,none,9,right,0.46278680015345663,0.270062715803328,0.2321195785425947,0.15948012953631324,bright,1
IMG_7437,none,3,left,0.18041446061363653,0.21380297872285675,0.15890988979324297,0.23240404520197352,shadow,1
IMG_4271,none,1,left,0.0,0.0,0.0,0.0,bright,0
IMG_5781,no_helmet,8,left,0.1541767000588647,0.19873367425406147,0.19781936242413145,0.232208010949201,bright,1
IMG_4029,none,3,center,0.0,0.0,0.0,0.0,dim,0
IMG_8303,no_helmet,5,center,0.23252897807732525,0.11312114014133345,0.1537123986545899,0.11232787393201987,shadow,1
IMG_2404,missing_guardrail,9,center,0.4853527685867879,0.29486322115180175,0.21072038123158177,0.2681594332860501,shadow,1
IMG_9773,none,4,right,0.0,0.0,0.0,0.0,bright,0
IMG_5896,none,1,center,0.0,0.0,0.0,0.0,shadow,0
IMG_9226,unsafe_scaffold,2,center,0.08643948640324722,0.49218399512456645,0.29443297566755133,0.2616921442638726,bright,1
IMG_7936,no_helmet,7,left,0.4986346133893878,0.3136131061161989,0.2668216237352008,0.1515772719975553,shadow,1
IMG_2425,none,9,center,0.2760270957876995,0.4283120903231234,0.20393763550841387,0.28343238215664956,bright,1
IMG_2843,none,4,left,0.0,0.0,0.0,0.0,bright,0
IMG_2730,no_helmet,5,right,0.44006789231251614,0.4389467813480274,0.15282732603407423,0.23095753414270995,shadow,1
IMG_1613,none,2,center,0.0,0.0,0.0,0.0,dim,0
IMG_7581,no_helmet,7,center,0.34525687708548936,0.024645487762055607,0.19504363823061432,0.15371687098895215,dim,1
IMG_6535,missing_guardrail,5,center,0.42142328430570364,0.42911739161678714,0.23697040542694536,0.29449932853713634,bright,1
IMG_5923,none,6,center,0.3643997066347775,0.30248956622762535,0.11785737006058646,0.18834331961183323,dim,1
IMG_9462,none,3,left,0.0,0.0,0.0,0.0,shadow,0
IMG_2075,missing_guardrail,9,center,0.0678249105085299,0.4256476704935961,0.2758665182719712,0.10578963186403714,bright,1
IMG_1944,unsafe_scaffold,1,center,0.02527964084607015,0.1801875408911479,0.13982195447978002,0.17367038551495415,dim,1
IMG_3029,none,1,left,0.0,0.0,0.0,0.0,dim,0
IMG_8308,none,2,center,0.0,0.0,0.0,0.0,shadow,0
IMG_6640,none,2,center,0.0,0.0,0.0,0.0,shadow,0
IMG_5670,no_helmet,7,left,0.08145370279931025,0.2861290305101504,0.292983521840451,0.2714222374876605,shadow,1
IMG_4387,missing_guardrail,7,right,0.010026178749762193,0.3901518321303217,0.25351454568237025,0.10177959721400916,bright,1
IMG_1138,unsafe_scaffold,5,right,0.4025427845977432,0.1527298491922784,0.2934048886736753,0.22854806225803279,dim,1
IMG_6713,none,4,center,0.0,0.0,0.0,0.0,bright,0
IMG_5950,none,5,right,0.0,0.0,0.0,0.0,dim,0
